"0","mnl_eval <- eval_std_mnl(model = mnl_fit, newdata = test, ft = TRUE)"
"0",""
"0","flextable::flextable_to_rmd(mnl_eval$coef_table)"
"1","
<div class=""tabwid""><style>.cl-6604d722{}.cl-65fd71c6{font-family:'Arial';font-size:11pt;font-weight:normal;font-style:normal;text-decoration:none;color:rgba(0, 0, 0, 1.00);background-color:transparent;}.cl-660085dc{margin:0;text-align:left;border-bottom: 0 solid rgba(0, 0, 0, 1.00);border-top: 0 solid rgba(0, 0, 0, 1.00);border-left: 0 solid rgba(0, 0, 0, 1.00);border-right: 0 solid rgba(0, 0, 0, 1.00);padding-bottom:5pt;padding-top:5pt;padding-left:5pt;padding-right:5pt;line-height: 1;background-color:transparent;}.cl-660085e6{margin:0;text-align:right;border-bottom: 0 solid rgba(0, 0, 0, 1.00);border-top: 0 solid rgba(0, 0, 0, 1.00);border-left: 0 solid rgba(0, 0, 0, 1.00);border-right: 0 solid rgba(0, 0, 0, 1.00);padding-bottom:5pt;padding-top:5pt;padding-left:5pt;padding-right:5pt;line-height: 1;background-color:transparent;}.cl-6600aaf8{width:0.863in;background-color:transparent;vertical-align: middle;border-bottom: 1.5pt solid rgba(102, 102, 102, 1.00);border-top: 1.5pt solid rgba(102, 102, 102, 1.00);border-left: 0 solid rgba(0, 0, 0, 1.00);border-right: 0 solid rgba(0, 0, 0, 1.00);margin-bottom:0;margin-top:0;margin-left:0;margin-right:0;}.cl-6600ab02{width:1.457in;background-color:transparent;vertical-align: middle;border-bottom: 1.5pt solid rgba(102, 102, 102, 1.00);border-top: 1.5pt solid rgba(102, 102, 102, 1.00);border-left: 0 solid rgba(0, 0, 0, 1.00);border-right: 0 solid rgba(0, 0, 0, 1.00);margin-bottom:0;margin-top:0;margin-left:0;margin-right:0;}.cl-6600ab03{width:0.82in;background-color:transparent;vertical-align: middle;border-bottom: 1.5pt solid rgba(102, 102, 102, 1.00);border-top: 1.5pt solid rgba(102, 102, 102, 1.00);border-left: 0 solid rgba(0, 0, 0, 1.00);border-right: 0 solid rgba(0, 0, 0, 1.00);margin-bottom:0;margin-top:0;margin-left:0;margin-right:0;}.cl-6600ab0c{width:0.854in;background-color:transparent;vertical-align: middle;border-bottom: 1.5pt solid rgba(102, 102, 102, 1.00);border-top: 1.5pt solid rgba(102, 102, 102, 1.00);border-left: 0 solid rgba(0, 0, 0, 1.00);border-right: 0 solid rgba(0, 0, 0, 1.00);margin-bottom:0;margin-top:0;margin-left:0;margin-right:0;}.cl-6600ab16{width:0.837in;background-color:transparent;vertical-align: middle;border-bottom: 1.5pt solid rgba(102, 102, 102, 1.00);border-top: 1.5pt solid rgba(102, 102, 102, 1.00);border-left: 0 solid rgba(0, 0, 0, 1.00);border-right: 0 solid rgba(0, 0, 0, 1.00);margin-bottom:0;margin-top:0;margin-left:0;margin-right:0;}.cl-6600ab17{width:0.778in;background-color:transparent;vertical-align: middle;border-bottom: 1.5pt solid rgba(102, 102, 102, 1.00);border-top: 1.5pt solid rgba(102, 102, 102, 1.00);border-left: 0 solid rgba(0, 0, 0, 1.00);border-right: 0 solid rgba(0, 0, 0, 1.00);margin-bottom:0;margin-top:0;margin-left:0;margin-right:0;}.cl-6600ab20{width:0.863in;background-color:transparent;vertical-align: middle;border-bottom: 1.5pt solid rgba(102, 102, 102, 1.00);border-top: 1.5pt solid rgba(102, 102, 102, 1.00);border-left: 0 solid rgba(0, 0, 0, 1.00);border-right: 0 solid rgba(0, 0, 0, 1.00);margin-bottom:0;margin-top:0;margin-left:0;margin-right:0;}.cl-6600ab21{width:1.457in;background-color:transparent;vertical-align: middle;border-bottom: 1.5pt solid rgba(102, 102, 102, 1.00);border-top: 1.5pt solid rgba(102, 102, 102, 1.00);border-left: 0 solid rgba(0, 0, 0, 1.00);border-right: 0 solid rgba(0, 0, 0, 1.00);margin-bottom:0;margin-top:0;margin-left:0;margin-right:0;}.cl-6600ab22{width:0.82in;background-color:transparent;vertical-align: middle;border-bottom: 1.5pt solid rgba(102, 102, 102, 1.00);border-top: 1.5pt solid rgba(102, 102, 102, 1.00);border-left: 0 solid rgba(0, 0, 0, 1.00);border-right: 0 solid rgba(0, 0, 0, 1.00);margin-bottom:0;margin-top:0;margin-left:0;margin-right:0;}.cl-6600ab2a{width:0.854in;background-color:transparent;vertical-align: middle;border-bottom: 1.5pt solid rgba(102, 102, 102, 1.00);border-top: 1.5pt solid rgba(102, 102, 102, 1.00);border-left: 0 solid rgba(0, 0, 0, 1.00);border-right: 0 solid rgba(0, 0, 0, 1.00);margin-bottom:0;margin-top:0;margin-left:0;margin-right:0;}.cl-6600ab2b{width:0.837in;background-color:transparent;vertical-align: middle;border-bottom: 1.5pt solid rgba(102, 102, 102, 1.00);border-top: 1.5pt solid rgba(102, 102, 102, 1.00);border-left: 0 solid rgba(0, 0, 0, 1.00);border-right: 0 solid rgba(0, 0, 0, 1.00);margin-bottom:0;margin-top:0;margin-left:0;margin-right:0;}.cl-6600ab34{width:0.778in;background-color:transparent;vertical-align: middle;border-bottom: 1.5pt solid rgba(102, 102, 102, 1.00);border-top: 1.5pt solid rgba(102, 102, 102, 1.00);border-left: 0 solid rgba(0, 0, 0, 1.00);border-right: 0 solid rgba(0, 0, 0, 1.00);margin-bottom:0;margin-top:0;margin-left:0;margin-right:0;}.cl-6600ab3e{width:0.863in;background-color:transparent;vertical-align: middle;border-bottom: 1.5pt solid rgba(102, 102, 102, 1.00);border-top: 1.5pt solid rgba(102, 102, 102, 1.00);border-left: 0 solid rgba(0, 0, 0, 1.00);border-right: 0 solid rgba(0, 0, 0, 1.00);margin-bottom:0;margin-top:0;margin-left:0;margin-right:0;}.cl-6600ab3f{width:1.457in;background-color:transparent;vertical-align: middle;border-bottom: 1.5pt solid rgba(102, 102, 102, 1.00);border-top: 1.5pt solid rgba(102, 102, 102, 1.00);border-left: 0 solid rgba(0, 0, 0, 1.00);border-right: 0 solid rgba(0, 0, 0, 1.00);margin-bottom:0;margin-top:0;margin-left:0;margin-right:0;}.cl-6600ab48{width:0.82in;background-color:transparent;vertical-align: middle;border-bottom: 1.5pt solid rgba(102, 102, 102, 1.00);border-top: 1.5pt solid rgba(102, 102, 102, 1.00);border-left: 0 solid rgba(0, 0, 0, 1.00);border-right: 0 solid rgba(0, 0, 0, 1.00);margin-bottom:0;margin-top:0;margin-left:0;margin-right:0;}.cl-6600ab49{width:0.854in;background-color:transparent;vertical-align: middle;border-bottom: 1.5pt solid rgba(102, 102, 102, 1.00);border-top: 1.5pt solid rgba(102, 102, 102, 1.00);border-left: 0 solid rgba(0, 0, 0, 1.00);border-right: 0 solid rgba(0, 0, 0, 1.00);margin-bottom:0;margin-top:0;margin-left:0;margin-right:0;}.cl-6600ab52{width:0.837in;background-color:transparent;vertical-align: middle;border-bottom: 1.5pt solid rgba(102, 102, 102, 1.00);border-top: 1.5pt solid rgba(102, 102, 102, 1.00);border-left: 0 solid rgba(0, 0, 0, 1.00);border-right: 0 solid rgba(0, 0, 0, 1.00);margin-bottom:0;margin-top:0;margin-left:0;margin-right:0;}.cl-6600ab5c{width:0.778in;background-color:transparent;vertical-align: middle;border-bottom: 1.5pt solid rgba(102, 102, 102, 1.00);border-top: 1.5pt solid rgba(102, 102, 102, 1.00);border-left: 0 solid rgba(0, 0, 0, 1.00);border-right: 0 solid rgba(0, 0, 0, 1.00);margin-bottom:0;margin-top:0;margin-left:0;margin-right:0;}.cl-6600ab70{width:0.863in;background-color:transparent;vertical-align: middle;border-bottom: 0 solid rgba(0, 0, 0, 1.00);border-top: 0 solid rgba(0, 0, 0, 1.00);border-left: 0 solid rgba(0, 0, 0, 1.00);border-right: 0 solid rgba(0, 0, 0, 1.00);margin-bottom:0;margin-top:0;margin-left:0;margin-right:0;}.cl-6600ab71{width:1.457in;background-color:transparent;vertical-align: middle;border-bottom: 0 solid rgba(0, 0, 0, 1.00);border-top: 0 solid rgba(0, 0, 0, 1.00);border-left: 0 solid rgba(0, 0, 0, 1.00);border-right: 0 solid rgba(0, 0, 0, 1.00);margin-bottom:0;margin-top:0;margin-left:0;margin-right:0;}.cl-6600ab7a{width:0.82in;background-color:transparent;vertical-align: middle;border-bottom: 0 solid rgba(0, 0, 0, 1.00);border-top: 0 solid rgba(0, 0, 0, 1.00);border-left: 0 solid rgba(0, 0, 0, 1.00);border-right: 0 solid rgba(0, 0, 0, 1.00);margin-bottom:0;margin-top:0;margin-left:0;margin-right:0;}.cl-6600ab84{width:0.854in;background-color:transparent;vertical-align: middle;border-bottom: 0 solid rgba(0, 0, 0, 1.00);border-top: 0 solid rgba(0, 0, 0, 1.00);border-left: 0 solid rgba(0, 0, 0, 1.00);border-right: 0 solid rgba(0, 0, 0, 1.00);margin-bottom:0;margin-top:0;margin-left:0;margin-right:0;}.cl-6600ab85{width:0.837in;background-color:transparent;vertical-align: middle;border-bottom: 0 solid rgba(0, 0, 0, 1.00);border-top: 0 solid rgba(0, 0, 0, 1.00);border-left: 0 solid rgba(0, 0, 0, 1.00);border-right: 0 solid rgba(0, 0, 0, 1.00);margin-bottom:0;margin-top:0;margin-left:0;margin-right:0;}.cl-6600ab8e{width:0.778in;background-color:transparent;vertical-align: middle;border-bottom: 0 solid rgba(0, 0, 0, 1.00);border-top: 0 solid rgba(0, 0, 0, 1.00);border-left: 0 solid rgba(0, 0, 0, 1.00);border-right: 0 solid rgba(0, 0, 0, 1.00);margin-bottom:0;margin-top:0;margin-left:0;margin-right:0;}.cl-6600ab8f{width:0.863in;background-color:transparent;vertical-align: middle;border-bottom: 0 solid rgba(0, 0, 0, 1.00);border-top: 0 solid rgba(0, 0, 0, 1.00);border-left: 0 solid rgba(0, 0, 0, 1.00);border-right: 0 solid rgba(0, 0, 0, 1.00);margin-bottom:0;margin-top:0;margin-left:0;margin-right:0;}.cl-6600ab98{width:1.457in;background-color:transparent;vertical-align: middle;border-bottom: 0 solid rgba(0, 0, 0, 1.00);border-top: 0 solid rgba(0, 0, 0, 1.00);border-left: 0 solid rgba(0, 0, 0, 1.00);border-right: 0 solid rgba(0, 0, 0, 1.00);margin-bottom:0;margin-top:0;margin-left:0;margin-right:0;}.cl-6600ab99{width:0.82in;background-color:transparent;vertical-align: middle;border-bottom: 0 solid rgba(0, 0, 0, 1.00);border-top: 0 solid rgba(0, 0, 0, 1.00);border-left: 0 solid rgba(0, 0, 0, 1.00);border-right: 0 solid rgba(0, 0, 0, 1.00);margin-bottom:0;margin-top:0;margin-left:0;margin-right:0;}.cl-6600aba2{width:0.854in;background-color:transparent;vertical-align: middle;border-bottom: 0 solid rgba(0, 0, 0, 1.00);border-top: 0 solid rgba(0, 0, 0, 1.00);border-left: 0 solid rgba(0, 0, 0, 1.00);border-right: 0 solid rgba(0, 0, 0, 1.00);margin-bottom:0;margin-top:0;margin-left:0;margin-right:0;}.cl-6600abac{width:0.837in;background-color:transparent;vertical-align: middle;border-bottom: 0 solid rgba(0, 0, 0, 1.00);border-top: 0 solid rgba(0, 0, 0, 1.00);border-left: 0 solid rgba(0, 0, 0, 1.00);border-right: 0 solid rgba(0, 0, 0, 1.00);margin-bottom:0;margin-top:0;margin-left:0;margin-right:0;}.cl-6600abad{width:0.778in;background-color:transparent;vertical-align: middle;border-bottom: 0 solid rgba(0, 0, 0, 1.00);border-top: 0 solid rgba(0, 0, 0, 1.00);border-left: 0 solid rgba(0, 0, 0, 1.00);border-right: 0 solid rgba(0, 0, 0, 1.00);margin-bottom:0;margin-top:0;margin-left:0;margin-right:0;}.cl-6600abb6{width:0.863in;background-color:transparent;vertical-align: middle;border-bottom: 0 solid rgba(0, 0, 0, 1.00);border-top: 0 solid rgba(0, 0, 0, 1.00);border-left: 0 solid rgba(0, 0, 0, 1.00);border-right: 0 solid rgba(0, 0, 0, 1.00);margin-bottom:0;margin-top:0;margin-left:0;margin-right:0;}.cl-6600abc0{width:1.457in;background-color:transparent;vertical-align: middle;border-bottom: 0 solid rgba(0, 0, 0, 1.00);border-top: 0 solid rgba(0, 0, 0, 1.00);border-left: 0 solid rgba(0, 0, 0, 1.00);border-right: 0 solid rgba(0, 0, 0, 1.00);margin-bottom:0;margin-top:0;margin-left:0;margin-right:0;}.cl-6600abca{width:0.82in;background-color:transparent;vertical-align: middle;border-bottom: 0 solid rgba(0, 0, 0, 1.00);border-top: 0 solid rgba(0, 0, 0, 1.00);border-left: 0 solid rgba(0, 0, 0, 1.00);border-right: 0 solid rgba(0, 0, 0, 1.00);margin-bottom:0;margin-top:0;margin-left:0;margin-right:0;}.cl-6600abcb{width:0.854in;background-color:transparent;vertical-align: middle;border-bottom: 0 solid rgba(0, 0, 0, 1.00);border-top: 0 solid rgba(0, 0, 0, 1.00);border-left: 0 solid rgba(0, 0, 0, 1.00);border-right: 0 solid rgba(0, 0, 0, 1.00);margin-bottom:0;margin-top:0;margin-left:0;margin-right:0;}.cl-6600abcc{width:0.837in;background-color:transparent;vertical-align: middle;border-bottom: 0 solid rgba(0, 0, 0, 1.00);border-top: 0 solid rgba(0, 0, 0, 1.00);border-left: 0 solid rgba(0, 0, 0, 1.00);border-right: 0 solid rgba(0, 0, 0, 1.00);margin-bottom:0;margin-top:0;margin-left:0;margin-right:0;}.cl-6600abde{width:0.778in;background-color:transparent;vertical-align: middle;border-bottom: 0 solid rgba(0, 0, 0, 1.00);border-top: 0 solid rgba(0, 0, 0, 1.00);border-left: 0 solid rgba(0, 0, 0, 1.00);border-right: 0 solid rgba(0, 0, 0, 1.00);margin-bottom:0;margin-top:0;margin-left:0;margin-right:0;}.cl-6600abdf{width:0.863in;background-color:transparent;vertical-align: middle;border-bottom: 0 solid rgba(0, 0, 0, 1.00);border-top: 0 solid rgba(0, 0, 0, 1.00);border-left: 0 solid rgba(0, 0, 0, 1.00);border-right: 0 solid rgba(0, 0, 0, 1.00);margin-bottom:0;margin-top:0;margin-left:0;margin-right:0;}.cl-6600abe8{width:1.457in;background-color:transparent;vertical-align: middle;border-bottom: 0 solid rgba(0, 0, 0, 1.00);border-top: 0 solid rgba(0, 0, 0, 1.00);border-left: 0 solid rgba(0, 0, 0, 1.00);border-right: 0 solid rgba(0, 0, 0, 1.00);margin-bottom:0;margin-top:0;margin-left:0;margin-right:0;}.cl-6600abe9{width:0.82in;background-color:transparent;vertical-align: middle;border-bottom: 0 solid rgba(0, 0, 0, 1.00);border-top: 0 solid rgba(0, 0, 0, 1.00);border-left: 0 solid rgba(0, 0, 0, 1.00);border-right: 0 solid rgba(0, 0, 0, 1.00);margin-bottom:0;margin-top:0;margin-left:0;margin-right:0;}.cl-6600abf2{width:0.854in;background-color:transparent;vertical-align: middle;border-bottom: 0 solid rgba(0, 0, 0, 1.00);border-top: 0 solid rgba(0, 0, 0, 1.00);border-left: 0 solid rgba(0, 0, 0, 1.00);border-right: 0 solid rgba(0, 0, 0, 1.00);margin-bottom:0;margin-top:0;margin-left:0;margin-right:0;}.cl-6600abf3{width:0.837in;background-color:transparent;vertical-align: middle;border-bottom: 0 solid rgba(0, 0, 0, 1.00);border-top: 0 solid rgba(0, 0, 0, 1.00);border-left: 0 solid rgba(0, 0, 0, 1.00);border-right: 0 solid rgba(0, 0, 0, 1.00);margin-bottom:0;margin-top:0;margin-left:0;margin-right:0;}.cl-6600abfc{width:0.778in;background-color:transparent;vertical-align: middle;border-bottom: 0 solid rgba(0, 0, 0, 1.00);border-top: 0 solid rgba(0, 0, 0, 1.00);border-left: 0 solid rgba(0, 0, 0, 1.00);border-right: 0 solid rgba(0, 0, 0, 1.00);margin-bottom:0;margin-top:0;margin-left:0;margin-right:0;}.cl-6600ac06{width:0.863in;background-color:transparent;vertical-align: middle;border-bottom: 1.5pt solid rgba(102, 102, 102, 1.00);border-top: 0 solid rgba(0, 0, 0, 1.00);border-left: 0 solid rgba(0, 0, 0, 1.00);border-right: 0 solid rgba(0, 0, 0, 1.00);margin-bottom:0;margin-top:0;margin-left:0;margin-right:0;}.cl-6600ac07{width:1.457in;background-color:transparent;vertical-align: middle;border-bottom: 1.5pt solid rgba(102, 102, 102, 1.00);border-top: 0 solid rgba(0, 0, 0, 1.00);border-left: 0 solid rgba(0, 0, 0, 1.00);border-right: 0 solid rgba(0, 0, 0, 1.00);margin-bottom:0;margin-top:0;margin-left:0;margin-right:0;}.cl-6600ac08{width:0.82in;background-color:transparent;vertical-align: middle;border-bottom: 1.5pt solid rgba(102, 102, 102, 1.00);border-top: 0 solid rgba(0, 0, 0, 1.00);border-left: 0 solid rgba(0, 0, 0, 1.00);border-right: 0 solid rgba(0, 0, 0, 1.00);margin-bottom:0;margin-top:0;margin-left:0;margin-right:0;}.cl-6600ac10{width:0.854in;background-color:transparent;vertical-align: middle;border-bottom: 1.5pt solid rgba(102, 102, 102, 1.00);border-top: 0 solid rgba(0, 0, 0, 1.00);border-left: 0 solid rgba(0, 0, 0, 1.00);border-right: 0 solid rgba(0, 0, 0, 1.00);margin-bottom:0;margin-top:0;margin-left:0;margin-right:0;}.cl-6600ac11{width:0.837in;background-color:transparent;vertical-align: middle;border-bottom: 1.5pt solid rgba(102, 102, 102, 1.00);border-top: 0 solid rgba(0, 0, 0, 1.00);border-left: 0 solid rgba(0, 0, 0, 1.00);border-right: 0 solid rgba(0, 0, 0, 1.00);margin-bottom:0;margin-top:0;margin-left:0;margin-right:0;}.cl-6600ac12{width:0.778in;background-color:transparent;vertical-align: middle;border-bottom: 1.5pt solid rgba(102, 102, 102, 1.00);border-top: 0 solid rgba(0, 0, 0, 1.00);border-left: 0 solid rgba(0, 0, 0, 1.00);border-right: 0 solid rgba(0, 0, 0, 1.00);margin-bottom:0;margin-top:0;margin-left:0;margin-right:0;}.tabwid {
  font-size: initial;
  padding-bottom: 1em;
}

.tabwid table{
  border-spacing:0px !important;
  border-collapse:collapse;
  line-height:1;
  margin-left:auto;
  margin-right:auto;
  border-width: 0;
  border-color: transparent;
  caption-side: top;
}
.tabwid-caption-bottom table{
  caption-side: bottom;
}
.tabwid_left table{
  margin-left:0;
}
.tabwid_right table{
  margin-right:0;
}
.tabwid td, .tabwid th {
    padding: 0;
}
.tabwid a {
  text-decoration: none;
}
.tabwid thead {
    background-color: transparent;
}
.tabwid tfoot {
    background-color: transparent;
}
.tabwid table tr {
background-color: transparent;
}
.katex-display {
    margin: 0 0 !important;
}</style><table data-quarto-disable-processing='true' class='cl-6604d722'><thead><tr style=""overflow-wrap:break-word;""><th  colspan=""6""class=""cl-6600aaf8""><p class=""cl-660085dc""><span class=""cl-65fd71c6"">LR chi2 (8) = 288.1568; p &lt; 0.0001</span></p></th></tr><tr style=""overflow-wrap:break-word;""><th  colspan=""6""class=""cl-6600ab20""><p class=""cl-660085dc""><span class=""cl-65fd71c6"">McFadden's Pseudo R-square = 0.2004</span></p></th></tr><tr style=""overflow-wrap:break-word;""><th class=""cl-6600ab3e""><p class=""cl-660085dc""><span class=""cl-65fd71c6"">y.level</span></p></th><th class=""cl-6600ab3f""><p class=""cl-660085dc""><span class=""cl-65fd71c6"">term</span></p></th><th class=""cl-6600ab48""><p class=""cl-660085e6""><span class=""cl-65fd71c6"">logodds</span></p></th><th class=""cl-6600ab49""><p class=""cl-660085e6""><span class=""cl-65fd71c6"">std.error</span></p></th><th class=""cl-6600ab52""><p class=""cl-660085e6""><span class=""cl-65fd71c6"">statistic</span></p></th><th class=""cl-6600ab5c""><p class=""cl-660085e6""><span class=""cl-65fd71c6"">p.value</span></p></th></tr></thead><tbody><tr style=""overflow-wrap:break-word;""><td class=""cl-6600ab70""><p class=""cl-660085dc""><span class=""cl-65fd71c6"">Bar</span></p></td><td class=""cl-6600ab71""><p class=""cl-660085dc""><span class=""cl-65fd71c6"">(Intercept)</span></p></td><td class=""cl-6600ab7a""><p class=""cl-660085e6""><span class=""cl-65fd71c6"">0.8832</span></p></td><td class=""cl-6600ab84""><p class=""cl-660085e6""><span class=""cl-65fd71c6"">0.3257</span></p></td><td class=""cl-6600ab85""><p class=""cl-660085e6""><span class=""cl-65fd71c6"">2.7118</span></p></td><td class=""cl-6600ab8e""><p class=""cl-660085e6""><span class=""cl-65fd71c6"">0.0067</span></p></td></tr><tr style=""overflow-wrap:break-word;""><td class=""cl-6600ab8f""><p class=""cl-660085dc""><span class=""cl-65fd71c6"">Bar</span></p></td><td class=""cl-6600ab98""><p class=""cl-660085dc""><span class=""cl-65fd71c6"">genderMale</span></p></td><td class=""cl-6600ab99""><p class=""cl-660085e6""><span class=""cl-65fd71c6"">-0.2130</span></p></td><td class=""cl-6600aba2""><p class=""cl-660085e6""><span class=""cl-65fd71c6"">0.2064</span></p></td><td class=""cl-6600abac""><p class=""cl-660085e6""><span class=""cl-65fd71c6"">-1.0318</span></p></td><td class=""cl-6600abad""><p class=""cl-660085e6""><span class=""cl-65fd71c6"">0.3022</span></p></td></tr><tr style=""overflow-wrap:break-word;""><td class=""cl-6600abb6""><p class=""cl-660085dc""><span class=""cl-65fd71c6"">Bar</span></p></td><td class=""cl-6600abc0""><p class=""cl-660085dc""><span class=""cl-65fd71c6"">maritalUnmarried</span></p></td><td class=""cl-6600abca""><p class=""cl-660085e6""><span class=""cl-65fd71c6"">0.6127</span></p></td><td class=""cl-6600abcb""><p class=""cl-660085e6""><span class=""cl-65fd71c6"">0.2124</span></p></td><td class=""cl-6600abcc""><p class=""cl-660085e6""><span class=""cl-65fd71c6"">2.8849</span></p></td><td class=""cl-6600abde""><p class=""cl-660085e6""><span class=""cl-65fd71c6"">0.0039</span></p></td></tr><tr style=""overflow-wrap:break-word;""><td class=""cl-6600ab70""><p class=""cl-660085dc""><span class=""cl-65fd71c6"">Bar</span></p></td><td class=""cl-6600ab71""><p class=""cl-660085dc""><span class=""cl-65fd71c6"">lifestyleInactive</span></p></td><td class=""cl-6600ab7a""><p class=""cl-660085e6""><span class=""cl-65fd71c6"">-0.7866</span></p></td><td class=""cl-6600ab84""><p class=""cl-660085e6""><span class=""cl-65fd71c6"">0.2090</span></p></td><td class=""cl-6600ab85""><p class=""cl-660085e6""><span class=""cl-65fd71c6"">-3.7627</span></p></td><td class=""cl-6600ab8e""><p class=""cl-660085e6""><span class=""cl-65fd71c6"">0.0002</span></p></td></tr><tr style=""overflow-wrap:break-word;""><td class=""cl-6600abdf""><p class=""cl-660085dc""><span class=""cl-65fd71c6"">Bar</span></p></td><td class=""cl-6600abe8""><p class=""cl-660085dc""><span class=""cl-65fd71c6"">age</span></p></td><td class=""cl-6600abe9""><p class=""cl-660085e6""><span class=""cl-65fd71c6"">-0.0253</span></p></td><td class=""cl-6600abf2""><p class=""cl-660085e6""><span class=""cl-65fd71c6"">0.0067</span></p></td><td class=""cl-6600abf3""><p class=""cl-660085e6""><span class=""cl-65fd71c6"">-3.8055</span></p></td><td class=""cl-6600abfc""><p class=""cl-660085e6""><span class=""cl-65fd71c6"">0.0001</span></p></td></tr><tr style=""overflow-wrap:break-word;""><td class=""cl-6600ab70""><p class=""cl-660085dc""><span class=""cl-65fd71c6"">Oatmeal</span></p></td><td class=""cl-6600ab71""><p class=""cl-660085dc""><span class=""cl-65fd71c6"">(Intercept)</span></p></td><td class=""cl-6600ab7a""><p class=""cl-660085e6""><span class=""cl-65fd71c6"">-4.4920</span></p></td><td class=""cl-6600ab84""><p class=""cl-660085e6""><span class=""cl-65fd71c6"">0.4597</span></p></td><td class=""cl-6600ab85""><p class=""cl-660085e6""><span class=""cl-65fd71c6"">-9.7722</span></p></td><td class=""cl-6600ab8e""><p class=""cl-660085e6""><span class=""cl-65fd71c6"">0.0000</span></p></td></tr><tr style=""overflow-wrap:break-word;""><td class=""cl-6600ab8f""><p class=""cl-660085dc""><span class=""cl-65fd71c6"">Oatmeal</span></p></td><td class=""cl-6600ab98""><p class=""cl-660085dc""><span class=""cl-65fd71c6"">genderMale</span></p></td><td class=""cl-6600ab99""><p class=""cl-660085e6""><span class=""cl-65fd71c6"">-0.0226</span></p></td><td class=""cl-6600aba2""><p class=""cl-660085e6""><span class=""cl-65fd71c6"">0.2095</span></p></td><td class=""cl-6600abac""><p class=""cl-660085e6""><span class=""cl-65fd71c6"">-0.1080</span></p></td><td class=""cl-6600abad""><p class=""cl-660085e6""><span class=""cl-65fd71c6"">0.9140</span></p></td></tr><tr style=""overflow-wrap:break-word;""><td class=""cl-6600abdf""><p class=""cl-660085dc""><span class=""cl-65fd71c6"">Oatmeal</span></p></td><td class=""cl-6600abe8""><p class=""cl-660085dc""><span class=""cl-65fd71c6"">maritalUnmarried</span></p></td><td class=""cl-6600abe9""><p class=""cl-660085e6""><span class=""cl-65fd71c6"">-0.3897</span></p></td><td class=""cl-6600abf2""><p class=""cl-660085e6""><span class=""cl-65fd71c6"">0.2367</span></p></td><td class=""cl-6600abf3""><p class=""cl-660085e6""><span class=""cl-65fd71c6"">-1.6469</span></p></td><td class=""cl-6600abfc""><p class=""cl-660085e6""><span class=""cl-65fd71c6"">0.0996</span></p></td></tr><tr style=""overflow-wrap:break-word;""><td class=""cl-6600ab70""><p class=""cl-660085dc""><span class=""cl-65fd71c6"">Oatmeal</span></p></td><td class=""cl-6600ab71""><p class=""cl-660085dc""><span class=""cl-65fd71c6"">lifestyleInactive</span></p></td><td class=""cl-6600ab7a""><p class=""cl-660085e6""><span class=""cl-65fd71c6"">0.3187</span></p></td><td class=""cl-6600ab84""><p class=""cl-660085e6""><span class=""cl-65fd71c6"">0.2157</span></p></td><td class=""cl-6600ab85""><p class=""cl-660085e6""><span class=""cl-65fd71c6"">1.4777</span></p></td><td class=""cl-6600ab8e""><p class=""cl-660085e6""><span class=""cl-65fd71c6"">0.1395</span></p></td></tr><tr style=""overflow-wrap:break-word;""><td class=""cl-6600ac06""><p class=""cl-660085dc""><span class=""cl-65fd71c6"">Oatmeal</span></p></td><td class=""cl-6600ac07""><p class=""cl-660085dc""><span class=""cl-65fd71c6"">age</span></p></td><td class=""cl-6600ac08""><p class=""cl-660085e6""><span class=""cl-65fd71c6"">0.0800</span></p></td><td class=""cl-6600ac10""><p class=""cl-660085e6""><span class=""cl-65fd71c6"">0.0078</span></p></td><td class=""cl-6600ac11""><p class=""cl-660085e6""><span class=""cl-65fd71c6"">10.3104</span></p></td><td class=""cl-6600ac12""><p class=""cl-660085e6""><span class=""cl-65fd71c6"">0.0000</span></p></td></tr></tbody></table></div>
"
"1","
"
"0","flextable::flextable_to_rmd(mnl_eval$classify$model$table)"
"1","
<div class=""tabwid""><style>.cl-66989a66{}.cl-668fe7ae{font-family:'Arial';font-size:11pt;font-weight:normal;font-style:normal;text-decoration:none;color:rgba(0, 0, 0, 1.00);background-color:transparent;}.cl-66935bdc{margin:0;text-align:left;border-bottom: 0 solid rgba(0, 0, 0, 1.00);border-top: 0 solid rgba(0, 0, 0, 1.00);border-left: 0 solid rgba(0, 0, 0, 1.00);border-right: 0 solid rgba(0, 0, 0, 1.00);padding-bottom:5pt;padding-top:5pt;padding-left:5pt;padding-right:5pt;line-height: 1;background-color:transparent;}.cl-66938936{width:1.567in;background-color:transparent;vertical-align: middle;border-bottom: 1.5pt solid rgba(102, 102, 102, 1.00);border-top: 1.5pt solid rgba(102, 102, 102, 1.00);border-left: 0 solid rgba(0, 0, 0, 1.00);border-right: 0 solid rgba(0, 0, 0, 1.00);margin-bottom:0;margin-top:0;margin-left:0;margin-right:0;}.cl-66938940{width:0.735in;background-color:transparent;vertical-align: middle;border-bottom: 1.5pt solid rgba(102, 102, 102, 1.00);border-top: 1.5pt solid rgba(102, 102, 102, 1.00);border-left: 0 solid rgba(0, 0, 0, 1.00);border-right: 0 solid rgba(0, 0, 0, 1.00);margin-bottom:0;margin-top:0;margin-left:0;margin-right:0;}.cl-66938941{width:0.668in;background-color:transparent;vertical-align: middle;border-bottom: 1.5pt solid rgba(102, 102, 102, 1.00);border-top: 1.5pt solid rgba(102, 102, 102, 1.00);border-left: 0 solid rgba(0, 0, 0, 1.00);border-right: 0 solid rgba(0, 0, 0, 1.00);margin-bottom:0;margin-top:0;margin-left:0;margin-right:0;}.cl-6693894a{width:0.863in;background-color:transparent;vertical-align: middle;border-bottom: 1.5pt solid rgba(102, 102, 102, 1.00);border-top: 1.5pt solid rgba(102, 102, 102, 1.00);border-left: 0 solid rgba(0, 0, 0, 1.00);border-right: 0 solid rgba(0, 0, 0, 1.00);margin-bottom:0;margin-top:0;margin-left:0;margin-right:0;}.cl-66938954{width:0.625in;background-color:transparent;vertical-align: middle;border-bottom: 1.5pt solid rgba(102, 102, 102, 1.00);border-top: 1.5pt solid rgba(102, 102, 102, 1.00);border-left: 0 solid rgba(0, 0, 0, 1.00);border-right: 0 solid rgba(0, 0, 0, 1.00);margin-bottom:0;margin-top:0;margin-left:0;margin-right:0;}.cl-6693895e{width:1.567in;background-color:transparent;vertical-align: middle;border-bottom: 1.5pt solid rgba(102, 102, 102, 1.00);border-top: 1.5pt solid rgba(102, 102, 102, 1.00);border-left: 0 solid rgba(0, 0, 0, 1.00);border-right: 0 solid rgba(0, 0, 0, 1.00);margin-bottom:0;margin-top:0;margin-left:0;margin-right:0;}.cl-66938968{width:0.735in;background-color:transparent;vertical-align: middle;border-bottom: 1.5pt solid rgba(102, 102, 102, 1.00);border-top: 1.5pt solid rgba(102, 102, 102, 1.00);border-left: 0 solid rgba(0, 0, 0, 1.00);border-right: 0 solid rgba(0, 0, 0, 1.00);margin-bottom:0;margin-top:0;margin-left:0;margin-right:0;}.cl-66938969{width:0.668in;background-color:transparent;vertical-align: middle;border-bottom: 1.5pt solid rgba(102, 102, 102, 1.00);border-top: 1.5pt solid rgba(102, 102, 102, 1.00);border-left: 0 solid rgba(0, 0, 0, 1.00);border-right: 0 solid rgba(0, 0, 0, 1.00);margin-bottom:0;margin-top:0;margin-left:0;margin-right:0;}.cl-66938972{width:0.863in;background-color:transparent;vertical-align: middle;border-bottom: 1.5pt solid rgba(102, 102, 102, 1.00);border-top: 1.5pt solid rgba(102, 102, 102, 1.00);border-left: 0 solid rgba(0, 0, 0, 1.00);border-right: 0 solid rgba(0, 0, 0, 1.00);margin-bottom:0;margin-top:0;margin-left:0;margin-right:0;}.cl-66938973{width:0.625in;background-color:transparent;vertical-align: middle;border-bottom: 1.5pt solid rgba(102, 102, 102, 1.00);border-top: 1.5pt solid rgba(102, 102, 102, 1.00);border-left: 0 solid rgba(0, 0, 0, 1.00);border-right: 0 solid rgba(0, 0, 0, 1.00);margin-bottom:0;margin-top:0;margin-left:0;margin-right:0;}.cl-66938974{width:1.567in;background-color:transparent;vertical-align: middle;border-bottom: 1.5pt solid rgba(102, 102, 102, 1.00);border-top: 1.5pt solid rgba(102, 102, 102, 1.00);border-left: 0 solid rgba(0, 0, 0, 1.00);border-right: 0 solid rgba(0, 0, 0, 1.00);margin-bottom:0;margin-top:0;margin-left:0;margin-right:0;}.cl-6693897c{width:0.735in;background-color:transparent;vertical-align: middle;border-bottom: 1.5pt solid rgba(102, 102, 102, 1.00);border-top: 1.5pt solid rgba(102, 102, 102, 1.00);border-left: 0 solid rgba(0, 0, 0, 1.00);border-right: 0 solid rgba(0, 0, 0, 1.00);margin-bottom:0;margin-top:0;margin-left:0;margin-right:0;}.cl-6693897d{width:0.668in;background-color:transparent;vertical-align: middle;border-bottom: 1.5pt solid rgba(102, 102, 102, 1.00);border-top: 1.5pt solid rgba(102, 102, 102, 1.00);border-left: 0 solid rgba(0, 0, 0, 1.00);border-right: 0 solid rgba(0, 0, 0, 1.00);margin-bottom:0;margin-top:0;margin-left:0;margin-right:0;}.cl-66938986{width:0.863in;background-color:transparent;vertical-align: middle;border-bottom: 1.5pt solid rgba(102, 102, 102, 1.00);border-top: 1.5pt solid rgba(102, 102, 102, 1.00);border-left: 0 solid rgba(0, 0, 0, 1.00);border-right: 0 solid rgba(0, 0, 0, 1.00);margin-bottom:0;margin-top:0;margin-left:0;margin-right:0;}.cl-66938990{width:0.625in;background-color:transparent;vertical-align: middle;border-bottom: 1.5pt solid rgba(102, 102, 102, 1.00);border-top: 1.5pt solid rgba(102, 102, 102, 1.00);border-left: 0 solid rgba(0, 0, 0, 1.00);border-right: 0 solid rgba(0, 0, 0, 1.00);margin-bottom:0;margin-top:0;margin-left:0;margin-right:0;}.cl-6693899a{width:1.567in;background-color:transparent;vertical-align: middle;border-bottom: 1.5pt solid rgba(102, 102, 102, 1.00);border-top: 1.5pt solid rgba(102, 102, 102, 1.00);border-left: 0 solid rgba(0, 0, 0, 1.00);border-right: 0 solid rgba(0, 0, 0, 1.00);margin-bottom:0;margin-top:0;margin-left:0;margin-right:0;}.cl-6693899b{width:0.735in;background-color:transparent;vertical-align: middle;border-bottom: 1.5pt solid rgba(102, 102, 102, 1.00);border-top: 1.5pt solid rgba(102, 102, 102, 1.00);border-left: 0 solid rgba(0, 0, 0, 1.00);border-right: 0 solid rgba(0, 0, 0, 1.00);margin-bottom:0;margin-top:0;margin-left:0;margin-right:0;}.cl-669389a4{width:0.668in;background-color:transparent;vertical-align: middle;border-bottom: 1.5pt solid rgba(102, 102, 102, 1.00);border-top: 1.5pt solid rgba(102, 102, 102, 1.00);border-left: 0 solid rgba(0, 0, 0, 1.00);border-right: 0 solid rgba(0, 0, 0, 1.00);margin-bottom:0;margin-top:0;margin-left:0;margin-right:0;}.cl-669389ae{width:0.863in;background-color:transparent;vertical-align: middle;border-bottom: 1.5pt solid rgba(102, 102, 102, 1.00);border-top: 1.5pt solid rgba(102, 102, 102, 1.00);border-left: 0 solid rgba(0, 0, 0, 1.00);border-right: 0 solid rgba(0, 0, 0, 1.00);margin-bottom:0;margin-top:0;margin-left:0;margin-right:0;}.cl-669389b8{width:0.625in;background-color:transparent;vertical-align: middle;border-bottom: 1.5pt solid rgba(102, 102, 102, 1.00);border-top: 1.5pt solid rgba(102, 102, 102, 1.00);border-left: 0 solid rgba(0, 0, 0, 1.00);border-right: 0 solid rgba(0, 0, 0, 1.00);margin-bottom:0;margin-top:0;margin-left:0;margin-right:0;}.cl-669389b9{width:1.567in;background-color:transparent;vertical-align: middle;border-bottom: 0 solid rgba(0, 0, 0, 1.00);border-top: 0 solid rgba(0, 0, 0, 1.00);border-left: 0 solid rgba(0, 0, 0, 1.00);border-right: 0 solid rgba(0, 0, 0, 1.00);margin-bottom:0;margin-top:0;margin-left:0;margin-right:0;}.cl-669389ba{width:0.735in;background-color:transparent;vertical-align: middle;border-bottom: 0 solid rgba(0, 0, 0, 1.00);border-top: 0 solid rgba(0, 0, 0, 1.00);border-left: 0 solid rgba(0, 0, 0, 1.00);border-right: 0 solid rgba(0, 0, 0, 1.00);margin-bottom:0;margin-top:0;margin-left:0;margin-right:0;}.cl-669389c2{width:0.668in;background-color:transparent;vertical-align: middle;border-bottom: 0 solid rgba(0, 0, 0, 1.00);border-top: 0 solid rgba(0, 0, 0, 1.00);border-left: 0 solid rgba(0, 0, 0, 1.00);border-right: 0 solid rgba(0, 0, 0, 1.00);margin-bottom:0;margin-top:0;margin-left:0;margin-right:0;}.cl-669389c3{width:0.863in;background-color:transparent;vertical-align: middle;border-bottom: 0 solid rgba(0, 0, 0, 1.00);border-top: 0 solid rgba(0, 0, 0, 1.00);border-left: 0 solid rgba(0, 0, 0, 1.00);border-right: 0 solid rgba(0, 0, 0, 1.00);margin-bottom:0;margin-top:0;margin-left:0;margin-right:0;}.cl-669389c4{width:0.625in;background-color:transparent;vertical-align: middle;border-bottom: 0 solid rgba(0, 0, 0, 1.00);border-top: 0 solid rgba(0, 0, 0, 1.00);border-left: 0 solid rgba(0, 0, 0, 1.00);border-right: 0 solid rgba(0, 0, 0, 1.00);margin-bottom:0;margin-top:0;margin-left:0;margin-right:0;}.cl-669389cc{width:1.567in;background-color:transparent;vertical-align: middle;border-bottom: 0 solid rgba(0, 0, 0, 1.00);border-top: 0 solid rgba(0, 0, 0, 1.00);border-left: 0 solid rgba(0, 0, 0, 1.00);border-right: 0 solid rgba(0, 0, 0, 1.00);margin-bottom:0;margin-top:0;margin-left:0;margin-right:0;}.cl-669389cd{width:0.735in;background-color:transparent;vertical-align: middle;border-bottom: 0 solid rgba(0, 0, 0, 1.00);border-top: 0 solid rgba(0, 0, 0, 1.00);border-left: 0 solid rgba(0, 0, 0, 1.00);border-right: 0 solid rgba(0, 0, 0, 1.00);margin-bottom:0;margin-top:0;margin-left:0;margin-right:0;}.cl-669389ce{width:0.668in;background-color:transparent;vertical-align: middle;border-bottom: 0 solid rgba(0, 0, 0, 1.00);border-top: 0 solid rgba(0, 0, 0, 1.00);border-left: 0 solid rgba(0, 0, 0, 1.00);border-right: 0 solid rgba(0, 0, 0, 1.00);margin-bottom:0;margin-top:0;margin-left:0;margin-right:0;}.cl-669389d6{width:0.863in;background-color:transparent;vertical-align: middle;border-bottom: 0 solid rgba(0, 0, 0, 1.00);border-top: 0 solid rgba(0, 0, 0, 1.00);border-left: 0 solid rgba(0, 0, 0, 1.00);border-right: 0 solid rgba(0, 0, 0, 1.00);margin-bottom:0;margin-top:0;margin-left:0;margin-right:0;}.cl-669389d7{width:0.625in;background-color:transparent;vertical-align: middle;border-bottom: 0 solid rgba(0, 0, 0, 1.00);border-top: 0 solid rgba(0, 0, 0, 1.00);border-left: 0 solid rgba(0, 0, 0, 1.00);border-right: 0 solid rgba(0, 0, 0, 1.00);margin-bottom:0;margin-top:0;margin-left:0;margin-right:0;}.cl-669389e0{width:1.567in;background-color:transparent;vertical-align: middle;border-bottom: 0 solid rgba(0, 0, 0, 1.00);border-top: 0 solid rgba(0, 0, 0, 1.00);border-left: 0 solid rgba(0, 0, 0, 1.00);border-right: 0 solid rgba(0, 0, 0, 1.00);margin-bottom:0;margin-top:0;margin-left:0;margin-right:0;}.cl-669389e1{width:0.735in;background-color:transparent;vertical-align: middle;border-bottom: 0 solid rgba(0, 0, 0, 1.00);border-top: 0 solid rgba(0, 0, 0, 1.00);border-left: 0 solid rgba(0, 0, 0, 1.00);border-right: 0 solid rgba(0, 0, 0, 1.00);margin-bottom:0;margin-top:0;margin-left:0;margin-right:0;}.cl-669389ea{width:0.668in;background-color:transparent;vertical-align: middle;border-bottom: 0 solid rgba(0, 0, 0, 1.00);border-top: 0 solid rgba(0, 0, 0, 1.00);border-left: 0 solid rgba(0, 0, 0, 1.00);border-right: 0 solid rgba(0, 0, 0, 1.00);margin-bottom:0;margin-top:0;margin-left:0;margin-right:0;}.cl-669389f4{width:0.863in;background-color:transparent;vertical-align: middle;border-bottom: 0 solid rgba(0, 0, 0, 1.00);border-top: 0 solid rgba(0, 0, 0, 1.00);border-left: 0 solid rgba(0, 0, 0, 1.00);border-right: 0 solid rgba(0, 0, 0, 1.00);margin-bottom:0;margin-top:0;margin-left:0;margin-right:0;}.cl-669389f5{width:0.625in;background-color:transparent;vertical-align: middle;border-bottom: 0 solid rgba(0, 0, 0, 1.00);border-top: 0 solid rgba(0, 0, 0, 1.00);border-left: 0 solid rgba(0, 0, 0, 1.00);border-right: 0 solid rgba(0, 0, 0, 1.00);margin-bottom:0;margin-top:0;margin-left:0;margin-right:0;}.cl-669389fe{width:1.567in;background-color:transparent;vertical-align: middle;border-bottom: 0 solid rgba(0, 0, 0, 1.00);border-top: 0 solid rgba(0, 0, 0, 1.00);border-left: 0 solid rgba(0, 0, 0, 1.00);border-right: 0 solid rgba(0, 0, 0, 1.00);margin-bottom:0;margin-top:0;margin-left:0;margin-right:0;}.cl-669389ff{width:0.735in;background-color:transparent;vertical-align: middle;border-bottom: 0 solid rgba(0, 0, 0, 1.00);border-top: 0 solid rgba(0, 0, 0, 1.00);border-left: 0 solid rgba(0, 0, 0, 1.00);border-right: 0 solid rgba(0, 0, 0, 1.00);margin-bottom:0;margin-top:0;margin-left:0;margin-right:0;}.cl-66938a08{width:0.668in;background-color:transparent;vertical-align: middle;border-bottom: 0 solid rgba(0, 0, 0, 1.00);border-top: 0 solid rgba(0, 0, 0, 1.00);border-left: 0 solid rgba(0, 0, 0, 1.00);border-right: 0 solid rgba(0, 0, 0, 1.00);margin-bottom:0;margin-top:0;margin-left:0;margin-right:0;}.cl-66938a09{width:0.863in;background-color:transparent;vertical-align: middle;border-bottom: 0 solid rgba(0, 0, 0, 1.00);border-top: 0 solid rgba(0, 0, 0, 1.00);border-left: 0 solid rgba(0, 0, 0, 1.00);border-right: 0 solid rgba(0, 0, 0, 1.00);margin-bottom:0;margin-top:0;margin-left:0;margin-right:0;}.cl-66938a12{width:0.625in;background-color:transparent;vertical-align: middle;border-bottom: 0 solid rgba(0, 0, 0, 1.00);border-top: 0 solid rgba(0, 0, 0, 1.00);border-left: 0 solid rgba(0, 0, 0, 1.00);border-right: 0 solid rgba(0, 0, 0, 1.00);margin-bottom:0;margin-top:0;margin-left:0;margin-right:0;}.cl-66938a13{width:1.567in;background-color:transparent;vertical-align: middle;border-bottom: 0 solid rgba(0, 0, 0, 1.00);border-top: 0 solid rgba(0, 0, 0, 1.00);border-left: 0 solid rgba(0, 0, 0, 1.00);border-right: 0 solid rgba(0, 0, 0, 1.00);margin-bottom:0;margin-top:0;margin-left:0;margin-right:0;}.cl-66938a1c{width:0.735in;background-color:transparent;vertical-align: middle;border-bottom: 0 solid rgba(0, 0, 0, 1.00);border-top: 0 solid rgba(0, 0, 0, 1.00);border-left: 0 solid rgba(0, 0, 0, 1.00);border-right: 0 solid rgba(0, 0, 0, 1.00);margin-bottom:0;margin-top:0;margin-left:0;margin-right:0;}.cl-66938a26{width:0.668in;background-color:transparent;vertical-align: middle;border-bottom: 0 solid rgba(0, 0, 0, 1.00);border-top: 0 solid rgba(0, 0, 0, 1.00);border-left: 0 solid rgba(0, 0, 0, 1.00);border-right: 0 solid rgba(0, 0, 0, 1.00);margin-bottom:0;margin-top:0;margin-left:0;margin-right:0;}.cl-66938a30{width:0.863in;background-color:transparent;vertical-align: middle;border-bottom: 0 solid rgba(0, 0, 0, 1.00);border-top: 0 solid rgba(0, 0, 0, 1.00);border-left: 0 solid rgba(0, 0, 0, 1.00);border-right: 0 solid rgba(0, 0, 0, 1.00);margin-bottom:0;margin-top:0;margin-left:0;margin-right:0;}.cl-66938a31{width:0.625in;background-color:transparent;vertical-align: middle;border-bottom: 0 solid rgba(0, 0, 0, 1.00);border-top: 0 solid rgba(0, 0, 0, 1.00);border-left: 0 solid rgba(0, 0, 0, 1.00);border-right: 0 solid rgba(0, 0, 0, 1.00);margin-bottom:0;margin-top:0;margin-left:0;margin-right:0;}.cl-66938a3a{width:1.567in;background-color:transparent;vertical-align: middle;border-bottom: 1.5pt solid rgba(102, 102, 102, 1.00);border-top: 0 solid rgba(0, 0, 0, 1.00);border-left: 0 solid rgba(0, 0, 0, 1.00);border-right: 0 solid rgba(0, 0, 0, 1.00);margin-bottom:0;margin-top:0;margin-left:0;margin-right:0;}.cl-66938a3b{width:0.735in;background-color:transparent;vertical-align: middle;border-bottom: 1.5pt solid rgba(102, 102, 102, 1.00);border-top: 0 solid rgba(0, 0, 0, 1.00);border-left: 0 solid rgba(0, 0, 0, 1.00);border-right: 0 solid rgba(0, 0, 0, 1.00);margin-bottom:0;margin-top:0;margin-left:0;margin-right:0;}.cl-66938a44{width:0.668in;background-color:transparent;vertical-align: middle;border-bottom: 1.5pt solid rgba(102, 102, 102, 1.00);border-top: 0 solid rgba(0, 0, 0, 1.00);border-left: 0 solid rgba(0, 0, 0, 1.00);border-right: 0 solid rgba(0, 0, 0, 1.00);margin-bottom:0;margin-top:0;margin-left:0;margin-right:0;}.cl-66938a45{width:0.863in;background-color:transparent;vertical-align: middle;border-bottom: 1.5pt solid rgba(102, 102, 102, 1.00);border-top: 0 solid rgba(0, 0, 0, 1.00);border-left: 0 solid rgba(0, 0, 0, 1.00);border-right: 0 solid rgba(0, 0, 0, 1.00);margin-bottom:0;margin-top:0;margin-left:0;margin-right:0;}.cl-66938a4e{width:0.625in;background-color:transparent;vertical-align: middle;border-bottom: 1.5pt solid rgba(102, 102, 102, 1.00);border-top: 0 solid rgba(0, 0, 0, 1.00);border-left: 0 solid rgba(0, 0, 0, 1.00);border-right: 0 solid rgba(0, 0, 0, 1.00);margin-bottom:0;margin-top:0;margin-left:0;margin-right:0;}.tabwid {
  font-size: initial;
  padding-bottom: 1em;
}

.tabwid table{
  border-spacing:0px !important;
  border-collapse:collapse;
  line-height:1;
  margin-left:auto;
  margin-right:auto;
  border-width: 0;
  border-color: transparent;
  caption-side: top;
}
.tabwid-caption-bottom table{
  caption-side: bottom;
}
.tabwid_left table{
  margin-left:0;
}
.tabwid_right table{
  margin-right:0;
}
.tabwid td, .tabwid th {
    padding: 0;
}
.tabwid a {
  text-decoration: none;
}
.tabwid thead {
    background-color: transparent;
}
.tabwid tfoot {
    background-color: transparent;
}
.tabwid table tr {
background-color: transparent;
}
.katex-display {
    margin: 0 0 !important;
}</style><table data-quarto-disable-processing='true' class='cl-66989a66'><thead><tr style=""overflow-wrap:break-word;""><th  colspan=""5""class=""cl-66938936""><p class=""cl-66935bdc""><span class=""cl-668fe7ae"">Classification Matrix - Model data</span></p></th></tr><tr style=""overflow-wrap:break-word;""><th  colspan=""5""class=""cl-6693895e""><p class=""cl-66935bdc""><span class=""cl-668fe7ae"">Accuracy = 0.562</span></p></th></tr><tr style=""overflow-wrap:break-word;""><th  colspan=""5""class=""cl-66938974""><p class=""cl-66935bdc""><span class=""cl-668fe7ae"">PCC = 0.341</span></p></th></tr><tr style=""overflow-wrap:break-word;""><th class=""cl-6693899a""><p class=""cl-66935bdc""><span class=""cl-668fe7ae""></span></p></th><th  colspan=""3""class=""cl-6693899b""><p class=""cl-66935bdc""><span class=""cl-668fe7ae"">Reference</span></p></th><th class=""cl-669389b8""><p class=""cl-66935bdc""><span class=""cl-668fe7ae""></span></p></th></tr><tr style=""overflow-wrap:break-word;""><th class=""cl-66938974""><p class=""cl-66935bdc""><span class=""cl-668fe7ae"">Predicted</span></p></th><th class=""cl-6693897c""><p class=""cl-66935bdc""><span class=""cl-668fe7ae"">Cereal</span></p></th><th class=""cl-6693897d""><p class=""cl-66935bdc""><span class=""cl-668fe7ae"">Bar</span></p></th><th class=""cl-66938986""><p class=""cl-66935bdc""><span class=""cl-668fe7ae"">Oatmeal</span></p></th><th class=""cl-66938990""><p class=""cl-66935bdc""><span class=""cl-668fe7ae"">Total</span></p></th></tr></thead><tbody><tr style=""overflow-wrap:break-word;""><td class=""cl-669389b9""><p class=""cl-66935bdc""><span class=""cl-668fe7ae"">Cereal</span></p></td><td class=""cl-669389ba""><p class=""cl-66935bdc""><span class=""cl-668fe7ae"">124</span></p></td><td class=""cl-669389c2""><p class=""cl-66935bdc""><span class=""cl-668fe7ae"">85</span></p></td><td class=""cl-669389c3""><p class=""cl-66935bdc""><span class=""cl-668fe7ae"">46</span></p></td><td class=""cl-669389c4""><p class=""cl-66935bdc""><span class=""cl-668fe7ae"">255</span></p></td></tr><tr style=""overflow-wrap:break-word;""><td class=""cl-669389cc""><p class=""cl-66935bdc""><span class=""cl-668fe7ae"">Bar</span></p></td><td class=""cl-669389cd""><p class=""cl-66935bdc""><span class=""cl-668fe7ae"">52</span></p></td><td class=""cl-669389ce""><p class=""cl-66935bdc""><span class=""cl-668fe7ae"">68</span></p></td><td class=""cl-669389d6""><p class=""cl-66935bdc""><span class=""cl-668fe7ae"">7</span></p></td><td class=""cl-669389d7""><p class=""cl-66935bdc""><span class=""cl-668fe7ae"">127</span></p></td></tr><tr style=""overflow-wrap:break-word;""><td class=""cl-669389e0""><p class=""cl-66935bdc""><span class=""cl-668fe7ae"">Oatmeal</span></p></td><td class=""cl-669389e1""><p class=""cl-66935bdc""><span class=""cl-668fe7ae"">79</span></p></td><td class=""cl-669389ea""><p class=""cl-66935bdc""><span class=""cl-668fe7ae"">21</span></p></td><td class=""cl-669389f4""><p class=""cl-66935bdc""><span class=""cl-668fe7ae"">180</span></p></td><td class=""cl-669389f5""><p class=""cl-66935bdc""><span class=""cl-668fe7ae"">280</span></p></td></tr><tr style=""overflow-wrap:break-word;""><td class=""cl-669389fe""><p class=""cl-66935bdc""><span class=""cl-668fe7ae"">Total</span></p></td><td class=""cl-669389ff""><p class=""cl-66935bdc""><span class=""cl-668fe7ae"">255</span></p></td><td class=""cl-66938a08""><p class=""cl-66935bdc""><span class=""cl-668fe7ae"">174</span></p></td><td class=""cl-66938a09""><p class=""cl-66935bdc""><span class=""cl-668fe7ae"">233</span></p></td><td class=""cl-66938a12""><p class=""cl-66935bdc""><span class=""cl-668fe7ae"">662</span></p></td></tr><tr style=""overflow-wrap:break-word;""><td class=""cl-66938a13""><p class=""cl-66935bdc""><span class=""cl-668fe7ae"">Statistics by Class:</span></p></td><td class=""cl-66938a1c""><p class=""cl-66935bdc""><span class=""cl-668fe7ae""></span></p></td><td class=""cl-66938a26""><p class=""cl-66935bdc""><span class=""cl-668fe7ae""></span></p></td><td class=""cl-66938a30""><p class=""cl-66935bdc""><span class=""cl-668fe7ae""></span></p></td><td class=""cl-66938a31""><p class=""cl-66935bdc""><span class=""cl-668fe7ae""></span></p></td></tr><tr style=""overflow-wrap:break-word;""><td class=""cl-66938a13""><p class=""cl-66935bdc""><span class=""cl-668fe7ae"">Sensitivity</span></p></td><td class=""cl-66938a1c""><p class=""cl-66935bdc""><span class=""cl-668fe7ae"">0.486</span></p></td><td class=""cl-66938a26""><p class=""cl-66935bdc""><span class=""cl-668fe7ae"">0.391</span></p></td><td class=""cl-66938a30""><p class=""cl-66935bdc""><span class=""cl-668fe7ae"">0.773</span></p></td><td class=""cl-66938a31""><p class=""cl-66935bdc""><span class=""cl-668fe7ae""></span></p></td></tr><tr style=""overflow-wrap:break-word;""><td class=""cl-66938a13""><p class=""cl-66935bdc""><span class=""cl-668fe7ae"">Specificity</span></p></td><td class=""cl-66938a1c""><p class=""cl-66935bdc""><span class=""cl-668fe7ae"">0.678</span></p></td><td class=""cl-66938a26""><p class=""cl-66935bdc""><span class=""cl-668fe7ae"">0.879</span></p></td><td class=""cl-66938a30""><p class=""cl-66935bdc""><span class=""cl-668fe7ae"">0.767</span></p></td><td class=""cl-66938a31""><p class=""cl-66935bdc""><span class=""cl-668fe7ae""></span></p></td></tr><tr style=""overflow-wrap:break-word;""><td class=""cl-66938a3a""><p class=""cl-66935bdc""><span class=""cl-668fe7ae"">Precision</span></p></td><td class=""cl-66938a3b""><p class=""cl-66935bdc""><span class=""cl-668fe7ae"">0.486</span></p></td><td class=""cl-66938a44""><p class=""cl-66935bdc""><span class=""cl-668fe7ae"">0.535</span></p></td><td class=""cl-66938a45""><p class=""cl-66935bdc""><span class=""cl-668fe7ae"">0.643</span></p></td><td class=""cl-66938a4e""><p class=""cl-66935bdc""><span class=""cl-668fe7ae""></span></p></td></tr></tbody></table></div>
"
"1","
"
